year,month,day,sum_sale_dollars
2012,1,3,1012493.81
2012,1,4,860053.73
2012,1,5,940194.93
2012,1,9,933835.50
2012,1,10,900077.61
2012,1,11,773739.73
2012,1,12,927338.66
2012,1,16,968646.52
2012,1,17,921105.56
2012,1,18,850387.49
2012,1,19,1021175.90
2012,1,23,985418.41
2012,1,24,1013018.29
2012,1,25,764709.31
2012,1,26,1016554.79
2012,1,27,796.36
2012,1,30,986696.53
2012,1,31,1039951.09
2012,2,1,906994.66
2012,2,2,1218272.00
2012,2,6,1165230.55
2012,2,7,1128346.52
2012,2,8,986933.91
2012,2,9,1150050.09
2012,2,13,1039052.15
2012,2,14,1016829.68
2012,2,15,962829.31
2012,2,16,1132707.00
2012,2,20,1135350.79
2012,2,21,1105654.40
2012,2,22,998421.72
2012,2,23,1167089.78
2012,2,27,1070445.68
2012,2,28,1028812.83
2012,2,29,903083.00
2012,3,1,1104030.10
2012,3,5,1140722.75
2012,3,6,1169223.92
2012,3,7,835542.53
2012,3,8,1222264.95
2012,3,9,2886.24
2012,3,12,1179680.47
2012,3,13,1158657.89
2012,3,14,977886.06
2012,3,15,1250720.77
2012,3,16,1050.84
2012,3,19,1030487.28
2012,3,20,1102468.99
2012,3,21,1046650.11
2012,3,22,1066902.67
2012,3,26,1001267.19
2012,3,27,1022503.77
2012,3,28,821053.92
2012,3,29,1005545.30
2012,4,2,1142873.50
2012,4,3,1359746.08
2012,4,4,1080255.92
2012,4,5,1330857.28
2012,4,9,1169076.64
2012,4,10,1269591.63
2012,4,11,1187375.85
2012,4,12,1232872.57
2012,4,16,1154192.31
2012,4,17,1195865.23
2012,4,18,1116240.86
2012,4,19,1182052.47
2012,4,23,1042705.90
2012,4,24,1199155.29
2012,4,25,924659.82
2012,4,26,1117871.85
2012,4,27,36212.32
2012,4,30,1263291.45
2012,5,1,1212779.96
2012,5,2,1003063.74
2012,5,3,1322831.96
2012,5,7,1220915.19
2012,5,8,1200461.66
2012,5,9,970187.71
2012,5,10,1211077.45
2012,5,11,324.00
2012,5,14,1072931.48
2012,5,15,1213046.77
2012,5,16,1057187.60
2012,5,17,1225797.08
2012,5,21,1177429.49
2012,5,22,1418037.84
2012,5,23,1059972.54
2012,5,24,1340162.92
2012,5,25,872449.55
2012,5,29,1245606.76
2012,5,30,1011376.05
2012,5,31,1357881.49
2012,6,1,1607.52
2012,6,4,1538532.06
2012,6,5,1292638.08
2012,6,6,1311727.28
2012,6,7,1218139.27
2012,6,11,1440888.79
2012,6,12,1315053.31
2012,6,13,1546636.71
2012,6,14,1217510.61
2012,6,18,1316963.00
2012,6,19,1410200.91
2012,6,20,910995.37
2012,6,21,1165311.41
2012,6,22,5482.18
2012,6,25,1404033.22
2012,6,26,1850000.11
2012,6,27,1379518.37
2012,6,28,1508343.98
2012,6,29,25320.89
2012,7,2,1231434.56
2012,7,3,1171510.96
2012,7,5,1026464.02
2012,7,6,1086736.07
2012,7,9,1209038.76
2012,7,10,1250884.62
2012,7,11,926596.91
2012,7,12,1091996.09
2012,7,16,1239308.52
2012,7,17,1230606.46
2012,7,18,1137970.78
2012,7,19,1267423.15
2012,7,20,674.40
2012,7,23,1201978.87
2012,7,24,1102184.97
2012,7,25,958471.09
2012,7,26,1030437.89
2012,7,27,3279.76
2012,7,30,1223242.96
2012,7,31,1307122.94
2012,8,1,890090.37
2012,8,2,1195254.93
2012,8,3,576.42
2012,8,6,1147834.89
2012,8,7,1283068.45
2012,8,8,981060.16
2012,8,9,1176787.12
2012,8,13,1195675.75
2012,8,14,1127417.28
2012,8,15,954955.52
2012,8,16,1166448.56
2012,8,20,1085723.89
2012,8,21,1159559.04
2012,8,22,1013038.92
2012,8,23,1135299.29
2012,8,27,1166197.43
2012,8,28,1451140.27
2012,8,29,1118281.92
2012,8,30,1356271.59
2012,8,31,926601.04
2012,9,4,1454309.23
2012,9,5,1103036.95
2012,9,6,1486810.27
2012,9,7,152.04
2012,9,10,1618074.30
2012,9,11,1430524.60
2012,9,12,1321205.10
2012,9,13,1232001.18
2012,9,14,854.73
2012,9,17,1133464.72
2012,9,18,1183565.67
2012,9,19,872743.11
2012,9,20,1115748.85
2012,9,21,920.52
2012,9,24,1039466.71
2012,9,25,1125510.86
2012,9,26,1023116.25
2012,9,27,1046948.06
2012,10,1,1272966.41
2012,10,2,1512145.24
2012,10,3,1195072.17
2012,10,4,1453418.40
2012,10,5,1954824.23
2012,10,8,1436466.05
2012,10,9,1474293.74
2012,10,10,1240659.26
2012,10,11,1426089.83
2012,10,12,1632339.98
2012,10,15,1408855.55
2012,10,16,1472465.47
2012,10,17,1576441.32
2012,10,18,1375042.27
2012,10,19,1921336.21
2012,10,22,1225686.30
2012,10,23,1214988.51
2012,10,24,1471443.63
2012,10,25,1270153.30
2012,10,26,1846024.42
2012,10,29,1204271.27
2012,10,30,1197675.44
2012,10,31,931294.93
2012,11,1,1023250.79
2012,11,2,198.00
2012,11,5,1080014.87
2012,11,6,1170085.03
2012,11,7,1092897.39
2012,11,8,1271036.67
2012,11,12,1202868.13
2012,11,13,1122437.72
2012,11,14,1088524.78
2012,11,15,1364467.00
2012,11,16,856903.92
2012,11,17,1080276.97
2012,11,19,1062086.37
2012,11,20,1087900.66
2012,11,21,47406.08
2012,11,26,1439202.83
2012,11,27,1440212.32
2012,11,28,1075135.34
2012,11,29,1273610.05
2012,12,3,1487537.79
2012,12,4,1190413.46
2012,12,5,1017236.91
2012,12,6,1270931.96
2012,12,10,1528430.65
2012,12,11,1559674.10
2012,12,12,1745332.61
2012,12,13,1536578.92
2012,12,14,1912.84
2012,12,17,1696519.59
2012,12,18,1660066.20
2012,12,19,1528877.32
2012,12,20,1552564.63
2012,12,21,1217195.70
2012,12,24,1634365.68
2012,12,26,1266270.92
2012,12,27,1602321.59
2012,12,28,1360166.76
2012,12,31,1208182.00
2013,1,2,826293.72
2013,1,3,1145793.15
2013,1,7,1139529.56
2013,1,8,1042754.61
2013,1,9,818801.40
2013,1,10,945299.62
2013,1,14,1036500.57
2013,1,15,943113.24
2013,1,16,849009.28
2013,1,17,1018633.50
2013,1,21,992762.05
2013,1,22,1020890.66
2013,1,23,886708.32
2013,1,24,1118493.51
2013,1,25,1974.00
2013,1,28,1073388.10
2013,1,29,1053056.88
2013,1,30,851115.16
2013,1,31,1074732.79
2013,2,4,1173355.50
2013,2,5,1176898.52
2013,2,6,979188.54
2013,2,7,1284407.06
2013,2,8,1130.88
2013,2,11,1111755.51
2013,2,12,1139808.43
2013,2,13,1349704.14
2013,2,14,1229363.34
2013,2,18,1141825.24
2013,2,19,1087255.57
2013,2,20,862261.37
2013,2,21,1183853.76
2013,2,22,2105.56
2013,2,25,1203117.02
2013,2,26,1168684.77
2013,2,27,1028803.95
2013,2,28,1135086.54
2013,3,4,1203606.80
2013,3,5,1184093.94
2013,3,6,882481.20
2013,3,7,1273253.62
2013,3,11,1227524.11
2013,3,12,1304245.17
2013,3,13,1094880.58
2013,3,14,1330232.48
2013,3,15,6838.92
2013,3,18,1157228.51
2013,3,19,1086065.51
2013,3,20,936591.99
2013,3,21,1127906.10
2013,3,25,1183278.12
2013,3,26,1124207.18
2013,3,27,962504.86
2013,3,28,1136604.45
2013,4,1,1208604.37
2013,4,2,1299789.32
2013,4,3,920394.21
2013,4,4,1293669.40
2013,4,8,1383420.00
2013,4,9,1415541.33
2013,4,10,1235589.99
2013,4,11,1322607.10
2013,4,15,1173363.04
2013,4,16,1195489.40
2013,4,17,871369.97
2013,4,18,1209664.09
2013,4,19,922.32
2013,4,22,1287994.91
2013,4,23,1124117.25
2013,4,24,943615.38
2013,4,25,1365051.07
2013,4,29,1532049.74
2013,4,30,1378787.80
2013,5,1,978562.83
2013,5,2,1211796.79
2013,5,3,847.44
2013,5,6,1278555.59
2013,5,7,1405943.89
2013,5,8,1294787.18
2013,5,9,1242454.09
2013,5,10,4228.80
2013,5,13,1275603.06
2013,5,14,1251087.57
2013,5,15,978561.67
2013,5,16,1264035.29
2013,5,20,1258532.21
2013,5,21,1416032.01
2013,5,22,1093872.02
2013,5,23,1391595.20
2013,5,24,20809.68
2013,5,28,1370582.84
2013,5,29,1370904.84
2013,5,30,1008996.78
2013,5,31,1291534.80
2013,6,3,1126741.59
2013,6,4,1274891.81
2013,6,5,1112040.23
2013,6,6,1241798.43
2013,6,7,900.00
2013,6,10,1283807.66
2013,6,11,1207442.16
2013,6,12,1060579.21
2013,6,13,1151493.74
2013,6,14,941290.33
2013,6,15,1036931.14
2013,6,17,1019344.34
2013,6,18,1151548.46
2013,6,21,27389.76
2013,6,22,6042.81
2013,6,24,1636941.59
2013,6,25,1661535.14
2013,6,26,1206420.44
2013,6,27,1586056.12
2013,6,28,1426.14
2013,7,1,1322177.76
2013,7,2,1476256.46
2013,7,3,995528.45
2013,7,4,1152507.03
2013,7,8,1352504.25
2013,7,9,991924.99
2013,7,10,1463348.93
2013,7,11,1201377.01
2013,7,15,1365678.17
2013,7,16,1099477.48
2013,7,17,967307.21
2013,7,18,1052865.12
2013,7,19,1096.08
2013,7,22,1276648.58
2013,7,23,942055.42
2013,7,24,1175363.73
2013,7,25,941116.01
2013,7,29,1590140.90
2013,7,30,976905.63
2013,7,31,1293367.38
2013,8,1,1008882.97
2013,8,2,399.18
2013,8,5,1567227.63
2013,8,6,1082242.13
2013,8,7,1320990.47
2013,8,8,1111816.12
2013,8,12,1492418.04
2013,8,13,1107802.08
2013,8,14,1245167.75
2013,8,15,1042621.91
2013,8,16,18157.21
2013,8,19,1492890.42
2013,8,20,1012086.61
2013,8,21,1292550.53
2013,8,22,1061597.47
2013,8,26,1690067.38
2013,8,27,1029494.62
2013,8,28,1550064.41
2013,8,29,1415632.71
2013,8,30,10709.99
2013,9,3,1466300.91
2013,9,4,1072614.56
2013,9,5,1395236.12
2013,9,6,847396.54
2013,9,9,1450973.59
2013,9,10,837108.16
2013,9,11,1143729.95
2013,9,12,979188.02
2013,9,16,1295257.00
2013,9,17,925406.51
2013,9,18,1140703.91
2013,9,19,947288.71
2013,9,20,3135.74
2013,9,23,1282532.26
2013,9,24,838238.06
2013,9,25,1168762.08
2013,9,26,933662.38
2013,9,30,1399158.32
2013,10,1,1093396.81
2013,10,2,1780246.24
2013,10,3,1537076.21
2013,10,4,3516318.05
2013,10,7,1888585.04
2013,10,8,893795.23
2013,10,9,1276530.35
2013,10,10,1320976.65
2013,10,11,3278998.01
2013,10,14,1901715.60
2013,10,15,1191654.66
2013,10,16,1614926.40
2013,10,17,1113172.51
2013,10,21,1426510.41
2013,10,22,1006044.18
2013,10,23,1386542.78
2013,10,24,1103631.44
2013,10,25,9224.09
2013,10,28,1425526.53
2013,10,29,955399.20
2013,10,30,1255024.01
2013,10,31,1170517.04
2013,11,1,4915.57
2013,11,4,1337658.97
2013,11,5,798777.67
2013,11,6,1124708.07
2013,11,7,1070998.31
2013,11,8,17593.88
2013,11,11,1331748.73
2013,11,12,878396.92
2013,11,13,1429341.34
2013,11,14,1006630.57
2013,11,15,5193.57
2013,11,18,1525358.43
2013,11,19,1008896.70
2013,11,20,1290716.04
2013,11,21,1158050.39
2013,11,22,933165.08
2013,11,23,671281.88
2013,11,25,1055312.55
2013,11,26,1078751.86
2013,11,27,73453.11
2013,12,2,1812807.62
2013,12,3,1197114.67
2013,12,4,1642175.09
2013,12,5,1331116.44
2013,12,6,18231.14
2013,12,9,1628951.79
2013,12,10,1082894.71
2013,12,11,1416655.21
2013,12,12,1273261.78
2013,12,13,31238.44
2013,12,16,1683128.37
2013,12,17,1170023.36
2013,12,18,1586955.54
2013,12,19,1447200.96
2013,12,20,1259531.10
2013,12,21,777239.54
2013,12,23,1205479.13
2013,12,24,62568.47
2013,12,26,1345888.36
2013,12,27,1750579.66
2013,12,28,989463.18
2013,12,30,1407311.40
2013,12,31,95071.01
2014,1,2,881751.74
2014,1,6,1721282.47
2014,1,7,970398.82
2014,1,8,1461004.37
2014,1,9,1029326.75
2014,1,13,1220346.39
2014,1,14,823538.24
2014,1,15,1124422.46
2014,1,16,884646.41
2014,1,17,1971.24
2014,1,20,1295526.37
2014,1,21,821258.19
2014,1,22,1237132.75
2014,1,23,1018463.38
2014,1,27,1779446.13
2014,1,28,1091828.22
2014,1,29,1604100.01
2014,1,30,1070225.03
2014,1,31,9263.65
2014,2,3,1454699.28
2014,2,4,899936.51
2014,2,5,1378061.58
2014,2,6,1180867.58
2014,2,10,1749517.86
2014,2,11,910802.05
2014,2,12,1379417.01
2014,2,13,1204226.73
2014,2,17,1291362.40
2014,2,18,788110.64
2014,2,19,1155362.93
2014,2,20,1051512.38
2014,2,24,1553721.49
2014,2,25,860931.56
2014,2,26,1236498.56
2014,2,27,1088253.70
2014,3,3,1500462.08
2014,3,4,832117.73
2014,3,5,1332013.04
2014,3,6,1114789.88
2014,3,10,1637018.56
2014,3,11,911751.15
2014,3,12,1240523.66
2014,3,13,1001529.95
2014,3,14,19053.32
2014,3,17,1434002.54
2014,3,18,894632.65
2014,3,19,1126451.71
2014,3,20,935542.88
2014,3,24,1220350.69
2014,3,25,741711.15
2014,3,26,1047010.13
2014,3,27,865290.40
2014,3,31,1474654.59
2014,4,1,887244.41
2014,4,2,1400016.76
2014,4,3,1187599.10
2014,4,7,1797363.11
2014,4,8,1111934.57
2014,4,9,1571501.76
2014,4,10,1195609.15
2014,4,11,6146.48
2014,4,14,1584983.18
2014,4,15,892758.29
2014,4,16,1146830.97
2014,4,17,1185649.54
2014,4,21,1326110.50
2014,4,22,882152.23
2014,4,23,1189573.35
2014,4,24,1178021.49
2014,4,28,1763305.26
2014,4,29,1013147.52
2014,4,30,1319224.63
2014,5,1,1071942.35
2014,5,2,1039.33
2014,5,5,1605358.41
2014,5,6,1146177.55
2014,5,7,1325206.21
2014,5,8,1145024.47
2014,5,12,1568025.02
2014,5,13,986231.55
2014,5,14,1239645.32
2014,5,15,1048305.76
2014,5,19,1438630.03
2014,5,20,1047702.86
2014,5,21,1364158.48
2014,5,22,1091103.63
2014,5,23,1247358.51
2014,5,27,966384.18
2014,5,28,1426368.98
2014,5,29,1247601.56
2014,6,2,1732907.22
2014,6,3,996538.27
2014,6,4,1339763.74
2014,6,5,1066511.76
2014,6,9,1923382.30
2014,6,10,1216208.16
2014,6,11,1459411.95
2014,6,12,1106400.87
2014,6,16,1428920.61
2014,6,17,1024190.95
2014,6,18,1271342.84
2014,6,19,1022515.63
2014,6,23,2086506.22
2014,6,24,1200342.92
2014,6,25,1515237.20
2014,6,26,1480715.28
2014,6,27,1522537.17
2014,6,30,1036244.88
2014,7,1,1254454.11
2014,7,2,1120640.66
2014,7,3,50469.21
2014,7,7,1648113.71
2014,7,8,1135393.17
2014,7,9,1374098.61
2014,7,10,1078264.73
2014,7,14,1571238.17
2014,7,15,1018736.81
2014,7,16,1330835.61
2014,7,17,979511.07
2014,7,21,1487584.06
2014,7,22,912319.13
2014,7,23,1203203.78
2014,7,24,1065008.72
2014,7,28,1410934.57
2014,7,29,957703.77
2014,7,30,1317533.80
2014,7,31,1031309.05
2014,8,4,1586785.80
2014,8,5,1023547.00
2014,8,6,1493655.87
2014,8,7,1196250.38
2014,8,11,1648014.77
2014,8,12,967576.92
2014,8,13,1260415.05
2014,8,14,972750.12
2014,8,18,1193232.68
2014,8,19,971950.91
2014,8,20,1418669.48
2014,8,21,1003525.62
2014,8,25,1520525.53
2014,8,26,1130380.89
2014,8,27,1705128.57
2014,8,28,1074317.39
2014,8,29,1004160.10
2014,9,2,1117338.51
2014,9,3,1829502.60
2014,9,4,1188700.39
2014,9,8,1971662.48
2014,9,9,1399237.29
2014,9,10,1830797.76
2014,9,11,1065662.18
2014,9,15,1534236.54
2014,9,16,1093168.48
2014,9,17,1541910.34
2014,9,18,997864.70
2014,9,22,1351370.53
2014,9,23,1104710.23
2014,9,24,1313682.75
2014,9,25,964356.84
2014,9,29,1769599.00
2014,9,30,1361751.94
2014,10,1,1879638.65
2014,10,2,1303371.77
2014,10,3,307.08
2014,10,6,1735352.15
2014,10,7,1517885.80
2014,10,8,1666150.48
2014,10,9,1161701.65
2014,10,10,14417.42
2014,10,13,2000919.93
2014,10,14,1282293.27
2014,10,15,1868322.91
2014,10,16,1052932.05
2014,10,20,1426464.15
2014,10,21,1171366.15
2014,10,22,1589882.26
2014,10,23,1127692.90
2014,10,24,157.50
2014,10,27,1623357.64
2014,10,28,1286818.70
2014,10,29,1589177.55
2014,10,30,1244198.08
2014,11,3,1296369.62
2014,11,4,1109568.08
2014,11,5,1756067.48
2014,11,6,991629.00
2014,11,7,1307231.93
2014,11,10,864065.83
2014,11,12,1782969.19
2014,11,13,1119391.22
2014,11,17,1780714.71
2014,11,18,1384931.41
2014,11,19,1630158.89
2014,11,20,1092086.08
2014,11,21,1035402.76
2014,11,22,820830.35
2014,11,24,1308077.11
2014,11,25,972534.13
2014,11,26,20731.95
2014,12,1,1993370.88
2014,12,2,1417302.37
2014,12,3,1792512.78
2014,12,4,1421430.44
2014,12,8,1836838.20
2014,12,9,1508478.39
2014,12,10,1927412.55
2014,12,11,1279050.97
2014,12,12,17405.22
2014,12,15,1718556.77
2014,12,16,1175237.54
2014,12,17,1800738.89
2014,12,18,1264565.62
2014,12,19,1242956.34
2014,12,20,1001388.75
2014,12,22,1631525.51
2014,12,23,1076891.93
2014,12,24,75213.18
2014,12,26,1701750.21
2014,12,27,1365251.16
2014,12,29,2030639.35
2014,12,30,1276853.75
2014,12,31,70171.62
2015,1,5,1621501.80
2015,1,6,1149511.54
2015,1,7,1469466.12
2015,1,8,1019332.31
2015,1,12,1147093.19
2015,1,13,1202579.67
2015,1,14,825379.31
2015,1,15,931738.28
2015,1,16,941445.98
2015,1,20,1008364.61
2015,1,21,1420456.65
2015,1,22,1003176.98
2015,1,23,2608.36
2015,1,26,1528847.42
2015,1,27,900814.28
2015,1,28,1350540.10
2015,1,29,975651.71
2015,2,2,1478246.26
2015,2,3,1100506.08
2015,2,4,1551772.31
2015,2,5,1241992.40
2015,2,6,1739.52
2015,2,9,1774056.49
2015,2,10,1331928.21
2015,2,11,1855145.36
2015,2,12,1008147.68
2015,2,16,1413494.56
2015,2,17,1143801.97
2015,2,18,1276732.72
2015,2,19,1061228.25
2015,2,23,1404107.64
2015,2,24,1164233.11
2015,2,25,1334903.66
2015,2,26,1082316.19
2015,3,2,1391592.96
2015,3,3,1251984.54
2015,3,4,1373371.14
2015,3,5,1116740.08
2015,3,6,1680.28
2015,3,9,1625407.38
2015,3,10,1119824.77
2015,3,11,1291384.71
2015,3,12,1097627.00
2015,3,16,1933721.55
2015,3,17,1582495.67
2015,3,18,1643429.98
2015,3,19,989498.35
2015,3,23,1213496.24
2015,3,24,982348.49
2015,3,25,1115798.43
2015,3,26,966668.52
2015,3,30,1383880.97
2015,3,31,1181418.65
2015,4,1,1322708.48
2015,4,2,1035950.49
2015,4,6,1475232.46
2015,4,7,1169869.40
2015,4,8,1256737.76
2015,4,9,977682.71
2015,4,13,1293197.15
2015,4,14,1142418.23
2015,4,15,1243910.62
2015,4,16,1023391.10
2015,4,20,1429471.39
2015,4,21,1021739.44
2015,4,22,1264526.73
2015,4,23,978767.07
2015,4,27,1834953.75
2015,4,28,1503585.35
2015,4,29,1762227.00
2015,4,30,1120894.20
2015,5,1,447.90
2015,5,4,1723452.36
2015,5,5,1261416.33
2015,5,6,1432657.70
2015,5,7,1056131.26
2015,5,11,1443850.96
2015,5,12,1283687.27
2015,5,13,1242910.59
2015,5,14,1400884.86
2015,5,18,1860118.48
2015,5,19,1939572.90
2015,5,20,1601447.04
2015,5,21,1206831.79
2015,5,22,1100271.43
2015,5,26,1338108.89
2015,5,27,1415751.47
2015,5,28,1128029.85
2015,5,29,1799.88
2015,6,1,1824835.24
2015,6,2,1268427.54
2015,6,3,1313717.68
2015,6,4,1129701.33
2015,6,5,3856.55
2015,6,8,1444765.69
2015,6,9,1320223.42
2015,6,10,1380308.00
2015,6,11,1052322.54
2015,6,12,2431.68
2015,6,15,1997167.50
2015,6,16,1788798.95
2015,6,17,1659838.76
2015,6,18,1100722.78
2015,6,19,220.60
2015,6,22,1548657.89
2015,6,23,1389231.59
2015,6,24,1435911.66
2015,6,25,1290267.55
2015,6,26,1295475.26
2015,6,29,1510274.34
2015,6,30,1332526.58
2015,7,1,1144628.78
2015,7,2,67478.35
2015,7,6,1497165.33
2015,7,7,1410850.26
2015,7,8,1365503.68
2015,7,9,1109700.70
2015,7,13,1589230.79
2015,7,14,1369961.14
2015,7,15,1308637.14
2015,7,16,974687.48
2015,7,20,1394616.55
2015,7,21,1157432.84
2015,7,22,1203938.28
2015,7,23,978240.58
2015,7,27,1643276.34
2015,7,28,1485162.33
2015,7,29,1557670.39
2015,7,30,1155134.94
2015,7,31,849.60
2015,8,3,1599892.07
2015,8,4,1217479.36
2015,8,5,1333731.75
2015,8,6,1096741.24
2015,8,7,8316.78
2015,8,10,1312188.91
2015,8,11,1186893.15
2015,8,12,1149033.78
2015,8,13,1073879.03
2015,8,17,1405559.55
2015,8,18,1138243.44
2015,8,19,1381813.55
2015,8,20,1047115.05
2015,8,24,1626610.53
2015,8,25,1426777.30
2015,8,26,1549701.14
2015,8,27,1131291.98
2015,8,31,1431128.94
2015,9,1,1344662.85
2015,9,2,1658918.68
2015,9,3,1271790.29
2015,9,4,1200999.44
2015,9,8,1282477.76
2015,9,9,1477395.25
2015,9,10,1094993.49
2015,9,14,1756913.06
2015,9,15,1359339.02
2015,9,16,1219471.03
2015,9,17,1034101.44
2015,9,18,4569.33
2015,9,21,1472361.02
2015,9,22,1155461.16
2015,9,23,1369871.68
2015,9,24,976726.04
2015,9,25,6050.40
2015,9,28,1645347.52
2015,9,29,1346297.12
2015,9,30,1435613.59
2015,10,1,1619710.48
2015,10,2,5186.54
2015,10,5,1681203.09
2015,10,6,1572074.52
2015,10,7,1561224.52
2015,10,8,1221182.57
2015,10,12,1946626.61
2015,10,13,1633405.91
2015,10,14,1852181.71
2015,10,15,1262658.34
2015,10,19,1698777.88
2015,10,20,1607045.38
2015,10,21,1513646.25
2015,10,22,1101736.67
2015,10,26,1536830.01
2015,10,27,1396452.25
2015,10,28,1470821.25
2015,10,29,1232219.85
2015,10,30,264.24
2015,11,2,1610574.34
2015,11,3,1234313.75
2015,11,4,1444461.81
2015,11,5,1048052.47
2015,11,9,1644053.06
2015,11,10,1411690.27
2015,11,11,1397286.41
2015,11,12,1144243.93
2015,11,16,1602469.78
2015,11,17,1258836.02
2015,11,18,1982523.68
2015,11,19,1265565.16
2015,11,20,1406158.75
2015,11,21,958084.86
2015,11,23,1261884.12
2015,11,24,1009775.73
2015,11,25,85415.44
2015,11,30,1953325.48
2015,12,1,1990001.56
2015,12,2,1699203.34
2015,12,3,1496925.69
2015,12,4,5208.85
2015,12,7,1893163.13
2015,12,8,1457864.82
2015,12,9,1774018.98
2015,12,10,1378871.83
2015,12,14,1801538.91
2015,12,15,1628488.88
2015,12,16,1619874.96
2015,12,17,1336313.67
2015,12,18,1407056.01
2015,12,21,1682710.22
2015,12,22,1868452.48
2015,12,23,1348003.29
2015,12,24,18753.00
2015,12,26,1778571.28
2015,12,28,1594419.84
2015,12,29,1565418.00
2015,12,30,1314665.72
2015,12,31,23613.45
2016,1,4,1594658.23
2016,1,5,1174987.47
2016,1,6,1215470.88
2016,1,7,1042350.38
2016,1,11,1233572.27
2016,1,12,1053016.90
2016,1,13,1106050.71
2016,1,14,878231.26
2016,1,15,1010663.72
2016,1,19,1062818.20
2016,1,20,1186966.99
2016,1,21,890906.19
2016,1,25,1629805.06
2016,1,26,1313079.98
2016,1,27,1433498.85
2016,1,28,1191978.27
2016,2,1,1667068.98
2016,2,2,1483907.65
2016,2,3,1432550.84
2016,2,4,1120044.40
2016,2,8,1534156.38
2016,2,9,1200080.07
2016,2,10,1423229.90
2016,2,11,1072858.28
2016,2,12,932.40
2016,2,15,1416190.89
2016,2,16,1334043.06
2016,2,17,1543665.95
2016,2,18,1048587.31
2016,2,19,40.64
2016,2,22,1489320.99
2016,2,23,1166548.49
2016,2,24,1313995.91
2016,2,25,1208505.20
2016,2,29,1346115.14
2016,3,1,1156289.18
2016,3,2,1244331.74
2016,3,3,1063212.98
2016,3,4,4516.92
2016,3,7,1700833.12
2016,3,8,1164134.29
2016,3,9,1519300.50
2016,3,10,1133863.97
2016,3,11,668.88
2016,3,14,1450750.91
2016,3,15,1126707.19
2016,3,16,1239363.12
2016,3,17,1136362.67
2016,3,21,1543921.29
2016,3,22,1297912.74
2016,3,23,1278808.45
2016,3,24,1070251.42
2016,3,25,3198.30
2016,3,28,1368181.63
2016,3,29,1037876.78
2016,3,30,1211647.84
2016,3,31,954312.42
2016,4,4,1713227.22
2016,4,5,1318654.90
2016,4,6,1666471.84
2016,4,7,1199488.02
2016,4,11,1633486.89
2016,4,12,1241778.12
2016,4,13,1380048.22
2016,4,14,1013020.12
2016,4,15,22612.56
2016,4,18,1572773.84
2016,4,19,1328561.33
2016,4,20,1299910.56
2016,4,21,1131382.98
2016,4,25,1867768.88
2016,4,26,1434063.69
2016,4,27,1593341.78
2016,4,28,1246499.48
2016,4,29,3934.18
2016,5,2,1620501.21
2016,5,3,1501379.16
2016,5,4,1566492.56
2016,5,5,1196262.16
2016,5,6,15141.36
2016,5,9,1658718.31
2016,5,10,1413433.91
2016,5,11,1507130.90
2016,5,12,1153231.73
2016,5,13,5904.72
2016,5,16,1572592.56
2016,5,17,1412265.37
2016,5,18,1485359.69
2016,5,19,1159757.32
2016,5,20,4035.84
2016,5,23,1622334.70
2016,5,24,1543874.91
2016,5,25,1484011.65
2016,5,26,1223944.34
2016,5,27,1298102.81
2016,5,31,1374700.95
2016,6,1,1426989.69
2016,6,2,1209373.19
2016,6,3,7465.98
2016,6,6,2219798.24
2016,6,7,1480915.98
2016,6,8,1527941.50
2016,6,9,1139157.27
2016,6,10,20410.20
2016,6,13,1755614.29
2016,6,14,1458645.34
2016,6,15,1368799.90
2016,6,16,1130429.87
2016,6,20,1569972.58
2016,6,21,1635035.96
2016,6,22,1570444.89
2016,6,23,1146034.60
2016,6,24,11509.08
2016,6,27,1908342.07
2016,6,28,1801455.14
2016,6,29,1658460.00
2016,6,30,1291874.22
2016,7,1,968894.12
2016,7,5,1363731.72
2016,7,6,1407992.21
2016,7,7,1115964.40
2016,7,8,4848.24
2016,7,11,1813927.18
2016,7,12,1303189.57
2016,7,13,1361995.29
2016,7,14,1212522.67
2016,7,15,731773.42
2016,7,18,1048128.22
2016,7,19,791877.83
2016,7,20,1210653.92
2016,7,21,1232599.08
2016,7,22,516612.34
2016,7,25,1504872.07
2016,7,26,1051084.48
2016,7,27,1392801.98
2016,7,28,1356516.11
2016,7,29,598280.77
2016,8,1,1235545.08
2016,8,2,932732.67
2016,8,3,1439719.78
2016,8,4,1287225.46
2016,8,5,548365.21
2016,8,8,1480760.04
2016,8,9,1152568.55
2016,8,10,1427518.32
2016,8,11,1408534.44
2016,8,12,624978.97
2016,8,15,1348383.14
2016,8,16,963675.66
2016,8,17,1224536.63
2016,8,18,1237149.25
2016,8,19,563531.92
2016,8,22,1365489.10
2016,8,23,928483.84
2016,8,24,1217445.49
2016,8,25,1158976.72
2016,8,26,572927.78
2016,8,29,720285.75
2016,8,30,668527.93
2016,8,31,964097.24
2016,9,1,1486839.65
2016,9,2,561684.18
2016,9,3,1108823.47
2016,9,6,1139882.45
2016,9,7,1482158.96
2016,9,8,1559446.47
2016,9,9,628081.90
2016,9,12,1339826.81
2016,9,13,1382181.13
2016,9,14,1282949.31
2016,9,15,1880725.08
2016,9,16,1156249.98
2016,9,19,1337096.87
2016,9,20,1119847.74
2016,9,21,1171534.09
2016,9,22,1163633.55
2016,9,23,518932.45
2016,9,26,1245993.81
2016,9,27,944086.77
2016,9,28,1107234.36
2016,9,29,1125906.81
2016,9,30,575478.03
2016,10,3,1560541.63
2016,10,4,1353216.16
2016,10,5,1590387.72
2016,10,6,1999348.04
2016,10,7,802434.06
2016,10,10,1633558.45
2016,10,11,1044836.35
2016,10,12,1331848.91
2016,10,13,1433983.61
2016,10,14,536834.23
2016,10,17,1525049.61
2016,10,18,1242015.43
2016,10,19,1384471.15
2016,10,20,1650562.31
2016,10,21,535820.21
2016,10,24,1382403.98
2016,10,25,1195428.48
2016,10,26,1374190.70
2016,10,27,1475374.38
2016,10,28,655453.49
2016,10,31,1603451.02
2016,11,1,1207129.22
2016,11,2,1412479.42
2016,11,3,1375921.16
2016,11,4,611856.47
2016,11,5,67.14
2016,11,7,1483273.54
2016,11,8,1336251.83
2016,11,9,1405285.74
2016,11,10,1641650.76
2016,11,11,702160.30
2016,11,14,1467537.80
2016,11,15,1241475.96
2016,11,16,1685712.57
2016,11,17,1950518.89
2016,11,18,796336.08
2016,11,21,1707047.15
2016,11,22,1248590.92
2016,11,23,1057551.43
2016,11,28,1528320.83
2016,11,29,1261698.51
2016,11,30,1311869.12
2016,12,1,1893514.36
2016,12,2,880411.66
2016,12,5,1497075.65
2016,12,6,1380420.96
2016,12,7,1740155.27
2016,12,8,1640819.57
2016,12,9,629839.00
2016,12,12,1687895.03
2016,12,13,1344953.97
2016,12,14,1512392.46
2016,12,15,1631043.04
2016,12,16,840614.17
2016,12,19,1998668.75
2016,12,20,1629410.27
2016,12,21,2153432.15
2016,12,22,2272054.86
2016,12,23,866910.39
2016,12,26,1629004.22
2016,12,27,1842293.12
2016,12,28,1510119.57
2016,12,29,1522801.27
2016,12,30,470256.95
2017,1,3,997294.68
2017,1,4,1155249.86
2017,1,5,1162305.19
2017,1,6,534756.73
2017,1,9,1542017.73
2017,1,10,911193.20
2017,1,11,1053120.69
2017,1,12,945286.42
2017,1,13,405203.50
2017,1,16,646802.58
2017,1,17,1121766.90
2017,1,18,1270414.47
2017,1,19,1052188.26
2017,1,20,437610.58
2017,1,23,1138153.89
2017,1,24,930011.81
2017,1,25,1143955.96
2017,1,26,1103198.34
2017,1,27,457382.80
2017,1,30,1158311.82
2017,1,31,902147.45
2017,2,1,1282914.70
2017,2,2,1194199.56
2017,2,3,585025.40
2017,2,6,1601243.61
2017,2,7,1340599.28
2017,2,8,1423457.12
2017,2,9,1632807.03
2017,2,10,698925.58
2017,2,13,1463083.73
2017,2,14,1187048.65
2017,2,15,1190701.77
2017,2,16,1400698.54
2017,2,17,522427.02
2017,2,20,1362300.85
2017,2,21,954421.16
2017,2,22,1161613.71
2017,2,23,1247246.93
2017,2,24,552407.00
2017,2,27,1369686.63
2017,2,28,915480.98
2017,3,1,1334572.06
2017,3,2,1272555.51
2017,3,3,473817.15
2017,3,6,1589481.49
2017,3,7,1329435.51
2017,3,8,1264563.24
2017,3,9,1356599.89
2017,3,10,504802.62
2017,3,13,1539801.36
2017,3,14,938811.52
2017,3,15,1281504.52
2017,3,16,1392967.06
2017,3,17,595210.16
2017,3,20,1335492.49
2017,3,21,943167.46
2017,3,22,1138823.41
2017,3,23,1175893.62
2017,3,24,475870.41
2017,3,27,1355070.15
2017,3,28,964119.41
2017,3,29,1120679.64
2017,3,30,1098868.88
2017,3,31,537383.70
2017,4,3,1425653.60
2017,4,4,1122757.69
2017,4,5,1330584.67
2017,4,6,1506635.05
2017,4,7,586625.63
2017,4,10,1479545.43
2017,4,11,1342015.18
2017,4,12,1487733.23
2017,4,13,1436476.54
2017,4,14,609846.11
2017,4,17,1476138.01
2017,4,18,1010918.72
2017,4,19,1224118.70
2017,4,20,1069538.67
2017,4,21,441160.98
2017,4,24,1354858.66
2017,4,25,1208008.44
2017,4,26,1200504.37
2017,4,27,1339055.64
2017,4,28,524454.95
2017,5,1,1348782.05
2017,5,2,1145371.47
2017,5,3,1566529.27
2017,5,4,1316483.80
2017,5,5,591868.77
2017,5,8,1497964.98
2017,5,9,1095644.57
2017,5,10,1516163.41
2017,5,11,1698743.05
2017,5,12,561697.70
2017,5,15,1459005.76
2017,5,16,1318236.79
2017,5,17,1367987.63
2017,5,18,1476037.59
2017,5,19,571131.79
2017,5,22,1624574.74
2017,5,23,1209411.29
2017,5,24,1400036.58
2017,5,25,1298340.20
2017,5,26,1659765.17
2017,5,27,64.18
2017,5,29,66.00
2017,5,30,1068440.94
2017,5,31,1435138.14
2017,6,1,1490499.63
2017,6,2,572278.45
2017,6,5,1877907.59
2017,6,6,1306200.42
2017,6,7,1429141.18
2017,6,8,1594498.21
2017,6,9,598375.46
2017,6,12,1583337.91
2017,6,13,1262727.80
2017,6,14,1523205.54
2017,6,15,1599586.18
2017,6,16,642565.14
2017,6,19,1471611.68
2017,6,20,1100824.71
2017,6,21,1325184.79
2017,6,22,1154796.46
2017,6,23,731337.49
2017,6,26,1676086.25
2017,6,27,1388611.79
2017,6,28,2080814.27
2017,6,29,1449549.62
2017,6,30,766921.39
2017,7,3,1373777.85
2017,7,4,1159161.68
2017,7,5,1365813.55
2017,7,6,1246739.09
2017,7,7,560382.56
2017,7,10,1525189.09
2017,7,11,1176861.91
2017,7,12,1473683.63
2017,7,13,1366624.40
2017,7,14,646354.47
2017,7,17,1541714.91
2017,7,18,1200227.97
2017,7,19,1377501.95
2017,7,20,1241910.28
2017,7,21,610382.97
2017,7,24,1426256.46
2017,7,25,1122733.03
2017,7,26,1282027.66
2017,7,27,1529457.02
2017,7,28,545821.22
2017,7,31,1427993.01
2017,8,1,1058640.50
2017,8,2,1399092.84
2017,8,3,1306812.02
2017,8,4,512998.99
2017,8,7,1427367.53
2017,8,8,1108356.86
2017,8,9,1359373.70
2017,8,10,1300741.61
2017,8,11,547979.05
2017,8,14,1548327.96
2017,8,15,1257366.23
2017,8,16,1325230.51
2017,8,17,1284065.85
2017,8,18,547672.06
2017,8,21,1472021.15
2017,8,22,1044922.66
2017,8,23,1275485.10
2017,8,24,1160788.28
2017,8,25,531747.07
2017,8,28,1978054.46
2017,8,29,1262657.61
2017,8,30,1521218.15
2017,8,31,1416689.98
2017,9,1,681811.41
2017,9,4,217.08
2017,9,5,1357584.11
2017,9,6,1759241.63
2017,9,7,1467360.63
2017,9,8,531173.04
2017,9,11,1993363.84
2017,9,12,1591799.44
2017,9,13,1600705.19
2017,9,14,1673181.47
2017,9,15,641006.77
2017,9,18,1618853.86
2017,9,19,1139448.20
2017,9,20,1338100.33
2017,9,21,1237704.02
2017,9,22,484002.65
2017,9,25,1341340.38
2017,9,26,1090878.01
2017,9,27,1354682.93
2017,9,28,1009460.57
2017,9,29,551791.99
2017,10,2,1866128.76
2017,10,3,1777736.63
2017,10,4,1507969.01
2017,10,5,1945471.88
2017,10,6,715684.48
2017,10,9,1540163.48
2017,10,10,1625219.37
2017,10,11,1562832.16
2017,10,12,1811956.92
2017,10,13,653129.21
2017,10,16,1413511.08
2017,10,17,1609409.99
2017,10,18,1455163.25
2017,10,19,1546157.61
2017,10,20,670227.81
2017,10,23,1648962.09
2017,10,24,1682237.36
2017,10,25,1501059.07
2017,10,26,1278311.86
2017,10,27,648099.18
2017,10,30,1562490.87
2017,10,31,757500.03
2017,11,1,1448492.35
2017,11,2,1217195.72
2017,11,3,635858.27
2017,11,6,1415639.37
2017,11,7,1622805.35
2017,11,8,1650754.83
2017,11,9,1504943.31
2017,11,10,682315.79
2017,11,13,1359408.51
2017,11,14,1399044.07
2017,11,15,1591659.38
2017,11,16,1623331.75
2017,11,17,849303.83
2017,11,20,1636030.34
2017,11,21,1286063.37
2017,11,22,692590.23
2017,11,27,1496820.73
2017,11,28,1393871.26
2017,11,29,1435868.97
2017,11,30,1906930.59
2017,12,1,794585.00
2017,12,4,2084436.16
2017,12,5,2106850.97
2017,12,6,1648203.56
2017,12,7,2087567.13
2017,12,8,763897.84
2017,12,11,1582728.84
2017,12,12,1767911.35
2017,12,13,1621244.82
2017,12,14,1559749.32
2017,12,15,704160.46
2017,12,18,1772375.22
2017,12,19,1547137.30
2017,12,20,1694210.49
2017,12,21,1505483.10
2017,12,22,2181816.86
2017,12,26,1717879.90
2017,12,27,1750133.49
2017,12,28,1813163.32
2017,12,29,681895.66
2018,1,2,971601.54
2018,1,3,1203749.02
2018,1,4,1124619.32
2018,1,5,551381.03
2018,1,8,1621213.23
2018,1,9,1333084.43
2018,1,10,1093671.51
2018,1,11,1094103.85
2018,1,12,488188.65
2018,1,15,1255475.68
2018,1,16,962063.76
2018,1,17,1108307.88
2018,1,18,931254.54
2018,1,19,489593.56
2018,1,22,1128416.21
2018,1,23,1059378.69
2018,1,24,1222890.49
2018,1,25,1068072.92
2018,1,26,481613.07
2018,1,29,1186423.17
2018,1,30,1059366.10
2018,1,31,1172338.29
2018,2,1,1199258.29
2018,2,2,508669.09
2018,2,5,1489142.16
2018,2,6,1505878.05
2018,2,7,1425685.53
2018,2,8,1479742.78
2018,2,9,650903.52
2018,2,12,1208117.34
2018,2,13,1293192.75
2018,2,14,1221161.28
2018,2,15,1211741.52
2018,2,16,544348.11
2018,2,19,1166994.12
2018,2,20,1116847.45
2018,2,21,1232714.66
2018,2,22,1296765.19
2018,2,23,523261.74
2018,2,26,1367053.25
2018,2,27,1165148.71
2018,2,28,1254550.88
2018,3,1,1149359.27
2018,3,2,510326.60
2018,3,5,1508493.40
2018,3,6,1429466.66
2018,3,7,1368104.55
2018,3,8,1446451.88
2018,3,9,539238.55
2018,3,12,1399899.12
2018,3,13,1212829.52
2018,3,14,1250552.98
2018,3,15,1177262.00
2018,3,16,523151.74
2018,3,19,1406053.10
2018,3,20,1065699.49
2018,3,21,1221052.45
2018,3,22,1203879.26
2018,3,23,508026.46
2018,3,26,1365950.81
2018,3,27,1344555.48
2018,3,28,1327409.31
2018,3,29,1385435.87
2018,3,30,529842.73
2018,4,2,1397967.38
2018,4,3,1412825.20
2018,4,4,1427188.25
2018,4,5,1474484.39
2018,4,6,518402.29
2018,4,9,1529723.60
2018,4,10,1423188.98
2018,4,11,1535855.01
2018,4,12,1545697.05
2018,4,13,685004.74
2018,4,16,1310716.18
2018,4,17,1240952.95
2018,4,18,1279611.47
2018,4,19,1250152.10
2018,4,20,521829.36
2018,4,23,1384547.23
2018,4,24,1329900.17
2018,4,25,1353942.07
2018,4,26,1322105.56
2018,4,27,608228.84
2018,4,30,1662423.87
2018,5,1,1507722.09
2018,5,2,1757247.58
2018,5,3,1505977.32
2018,5,4,769033.52
2018,5,7,1544994.41
2018,5,8,1543162.81
2018,5,9,1487596.82
2018,5,10,1427826.64
2018,5,11,580643.21
2018,5,14,1530321.82
2018,5,15,845738.88
2018,5,16,1837000.91
2018,5,17,1362288.68
2018,5,18,608607.02
2018,5,21,1384592.28
2018,5,22,1444718.32
2018,5,23,1579715.30
2018,5,24,1282669.60
2018,5,25,1638788.91
2018,5,29,1461407.67
2018,5,30,1609385.39
2018,5,31,1471379.21
2018,6,1,685014.37
2018,6,4,1803100.40
2018,6,5,1510279.00
2018,6,6,1576409.84
2018,6,7,1468460.61
2018,6,8,565742.82
2018,6,11,1449431.02
2018,6,12,1490585.22
2018,6,13,1537180.54
2018,6,14,1603063.04
2018,6,15,730659.32
2018,6,18,1326791.66
2018,6,19,1249674.49
2018,6,20,1318506.53
2018,6,21,1298383.19
2018,6,22,492800.87
2018,6,25,1619742.74
2018,6,26,1555201.73
2018,6,27,1843207.30
2018,6,28,1628724.76
2018,6,29,1821067.81
2018,7,2,1053465.39
2018,7,3,1201095.59
2018,7,5,1340085.99
2018,7,6,568902.28
2018,7,9,1434594.73
2018,7,10,1569618.98
2018,7,11,1737629.91
2018,7,12,1287567.35
2018,7,13,606879.11
2018,7,16,1387700.82
2018,7,17,1298889.16
2018,7,18,1497182.68
2018,7,19,1322075.47
2018,7,20,608135.30
2018,7,23,1441445.58
2018,7,24,1253192.56
2018,7,25,1414828.67
2018,7,26,1572116.12
2018,7,27,611448.37
2018,7,30,1600256.17
2018,7,31,1387257.80
2018,8,1,1619468.04
2018,8,2,1761942.88
2018,8,3,658734.05
2018,8,6,1495037.01
2018,8,7,1508193.15
2018,8,8,1467433.76
2018,8,9,1459116.80
2018,8,10,718737.37
2018,8,13,1400380.59
2018,8,14,1448213.18
2018,8,15,1446767.36
2018,8,16,1365618.05
2018,8,17,594432.07
2018,8,20,1490381.02
2018,8,21,1298467.27
2018,8,22,1281963.02
2018,8,23,1184362.97
2018,8,24,570468.66
2018,8,27,1630125.84
2018,8,28,1557340.84
2018,8,29,1528983.16
2018,8,30,1336697.76
2018,8,31,1684775.66
2018,9,4,1531794.93
2018,9,5,1698232.92
2018,9,6,1659957.98
2018,9,7,648356.59
2018,9,10,1569211.51
2018,9,11,1489456.10
2018,9,12,1364462.41
2018,9,13,1363612.38
2018,9,14,580879.08
2018,9,17,1438187.63
2018,9,18,1237667.12
2018,9,19,1439456.95
2018,9,20,1271430.89
2018,9,21,583108.91
2018,9,24,1401481.73
2018,9,25,1377931.82
2018,9,26,1351330.07
2018,9,27,1296045.38
2018,9,28,501686.29
2018,10,1,1535782.80
2018,10,2,2071385.26
2018,10,3,1656522.14
2018,10,4,1877850.44
2018,10,5,640627.31
2018,10,8,1602818.57
2018,10,9,1717829.68
2018,10,10,1943492.24
2018,10,11,1570835.30
2018,10,12,740779.15
2018,10,15,1690335.68
2018,10,16,1343065.60
2018,10,17,1691624.43
2018,10,18,1735642.37
2018,10,19,872773.88
2018,10,22,1573536.68
2018,10,23,1772022.04
2018,10,24,1758281.56
2018,10,25,1457055.01
2018,10,26,665928.85
2018,10,29,1561287.41
2018,10,30,1686230.72
2018,10,31,1443546.29
2018,11,1,1207971.89
2018,11,2,576864.14
2018,11,5,1681689.06
2018,11,6,1711811.94
2018,11,7,1688815.48
2018,11,8,1530289.89
2018,11,9,731422.85
2018,11,12,1673089.43
2018,11,13,1491097.27
2018,11,14,1957428.40
2018,11,15,1856058.07
2018,11,16,722234.77
2018,11,19,1739728.10
2018,11,20,1512988.93
2018,11,21,748192.76
2018,11,26,1776225.87
2018,11,27,1652565.78
2018,11,28,1727914.88
2018,11,29,1915221.79
2018,11,30,862732.15
2018,12,3,1840597.04
2018,12,4,1758292.24
2018,12,5,1989571.42
2018,12,6,2136798.53
2018,12,7,880274.30
2018,12,10,1879452.42
2018,12,11,1769934.66
2018,12,12,1924267.11
2018,12,13,2168068.42
2018,12,14,809189.76
2018,12,17,2010884.30
2018,12,18,1813008.38
2018,12,19,1857185.64
2018,12,20,2006871.82
2018,12,21,2170423.26
2018,12,24,75539.12
2018,12,26,1844779.01
2018,12,27,1944745.44
2018,12,28,1914349.24
2018,12,29,583340.14
2018,12,31,1648757.80
2019,1,2,1071212.22
2019,1,3,1166456.49
2019,1,4,1379766.08
2019,1,7,1400248.11
2019,1,8,976662.47
2019,1,9,1067434.54
2019,1,10,1224052.39
2019,1,11,548847.84
2019,1,14,1120499.20
2019,1,15,1025281.31
2019,1,16,1135055.76
2019,1,17,1079346.58
2019,1,18,811826.03
2019,1,22,1245375.27
2019,1,23,938765.68
2019,1,24,1648702.28
2019,1,25,893914.10
2019,1,28,1563023.46
2019,1,29,1079128.02
2019,1,30,984318.78
2019,1,31,1106865.98
2019,2,1,619534.23
2019,2,4,1529016.60
2019,2,5,1354604.66
2019,2,6,1420364.51
2019,2,7,1634884.48
2019,2,8,620386.72
2019,2,11,1645820.61
2019,2,12,1282548.72
2019,2,13,1313136.42
2019,2,14,1254168.00
2019,2,15,569282.16
2019,2,18,1401746.42
2019,2,19,1205740.66
2019,2,20,1393122.38
2019,2,21,1391144.50
2019,2,22,625673.99
2019,2,25,1428635.99
2019,2,26,1382246.03
2019,2,27,1291684.07
2019,2,28,1278169.34
2019,3,1,633872.25
2019,3,4,1573461.95
2019,3,5,1542964.08
2019,3,6,1742535.32
2019,3,7,1738780.90
2019,3,8,700638.53
2019,3,11,1472221.28
2019,3,12,1572739.14
2019,3,13,1497215.70
2019,3,14,1410604.20
2019,3,15,513613.95
2019,3,18,1377502.28
2019,3,19,993209.35
2019,3,20,1208884.23
2019,3,21,1135707.41
2019,3,22,506453.20
2019,3,25,1253480.10
2019,3,26,1047203.28
2019,3,27,1163097.62
2019,3,28,1289889.59
2019,3,29,608654.00
2019,4,1,1380021.39
2019,4,2,1252650.58
2019,4,3,1391115.05
2019,4,4,1484711.47
2019,4,5,674455.74
2019,4,8,1409058.33
2019,4,9,1247923.55
2019,4,10,1442188.24
2019,4,11,1337015.83
2019,4,13,724460.18
2019,4,15,1060334.17
2019,4,16,1108078.84
2019,4,17,1402917.21
2019,4,18,1199187.80
2019,4,19,1162171.42
2019,4,22,1261051.49
2019,4,23,1252325.88
2019,4,24,1803342.27
2019,4,25,1281683.32
2019,4,26,1375247.50
2019,4,29,1333446.45
2019,4,30,1205221.14
2019,5,1,1162848.47
2019,5,2,1447287.62
2019,5,3,1276215.60
2019,5,6,1376169.48
2019,5,7,1765024.22
2019,5,8,1363439.73
2019,5,9,1166319.39
2019,5,10,1349743.92
2019,5,13,1326738.03
2019,5,14,1646857.15
2019,5,15,1792116.95
2019,5,16,1217491.85
2019,5,17,1605671.25
2019,5,19,1811.58
2019,5,20,1428853.71
2019,5,21,1457289.10
2019,5,22,1629082.33
2019,5,23,1381516.81
2019,5,24,1388537.22
2019,5,28,1758703.94
2019,5,29,1918359.22
2019,5,30,1446439.15
2019,5,31,1850256.55
2019,6,1,117028.68
2019,6,3,1568622.02
2019,6,4,1430653.13
2019,6,5,1400037.15
2019,6,6,1297885.07
2019,6,7,1226486.89
2019,6,10,1303244.46
2019,6,11,1442067.74
2019,6,12,1428110.66
2019,6,13,1379750.61
2019,6,14,1130259.70
2019,6,15,340341.34
2019,6,17,1230158.74
2019,6,18,1372991.84
2019,6,19,1440942.24
2019,6,20,1010739.63
2019,6,21,1303060.72
2019,6,24,1730151.78
2019,6,25,1696401.92
2019,6,26,2155770.04
2019,6,27,1456731.98
2019,6,28,1415594.62
2019,7,1,1613749.03
2019,7,2,1470034.96
2019,7,3,1268041.38
2019,7,4,106771.11
2019,7,5,2116536.46
2019,7,8,1337896.72
2019,7,9,1261205.91
2019,7,10,1440889.95
2019,7,11,1045653.59
2019,7,12,1398967.41
2019,7,15,1324777.53
2019,7,16,1273566.75
2019,7,17,1312199.13
2019,7,18,1000945.97
2019,7,19,1148558.82
2019,7,22,1217294.14
2019,7,23,1113499.96
2019,7,24,1261055.20
2019,7,25,1077390.74
2019,7,26,1630210.83
2019,7,29,1638225.86
2019,7,30,1551988.38
2019,7,31,2357939.86
2019,8,1,1388185.33
2019,8,2,1123314.22
2019,8,5,1342386.97
2019,8,6,1217410.09
2019,8,7,1363064.57
2019,8,8,1034532.51
2019,8,9,1130987.50
2019,8,12,1330962.63
2019,8,13,1336593.36
2019,8,14,1150509.79
2019,8,15,1006069.58
2019,8,16,1203917.21
2019,8,19,1255095.15
2019,8,20,1164320.66
2019,8,21,1305839.80
2019,8,22,1054882.04
2019,8,23,1350139.84
2019,8,26,1661985.83
2019,8,27,1625855.26
2019,8,28,1697515.08
2019,8,29,1417561.11
2019,8,30,1263134.76
2019,9,3,1500854.17
2019,9,4,1286434.79
2019,9,5,2290099.19
2019,9,6,1315314.51
2019,9,9,1331168.82
2019,9,10,1340731.78
2019,9,11,1353418.07
2019,9,12,1139811.30
2019,9,13,1243274.62
2019,9,16,1268702.69
2019,9,17,1467124.22
2019,9,18,1239377.86
2019,9,19,1044641.35
2019,9,20,1187432.00
2019,9,23,1170394.18
2019,9,24,2057963.10
2019,9,25,1525472.43
2019,9,26,1460946.66
2019,9,27,1327354.49
2019,9,29,117484.62
2019,9,30,1410110.38
2019,10,1,1432378.99
2019,10,2,1446972.94
2019,10,3,1389372.84
2019,10,4,1428449.81
2019,10,7,1620242.03
2019,10,8,1908237.29
2019,10,9,1618184.50
2019,10,10,1478782.62
2019,10,11,1491522.37
2019,10,14,1792058.45
2019,10,15,1734847.86
2019,10,16,1765637.50
2019,10,17,1456874.16
2019,10,18,1392890.79
2019,10,21,1350362.92
2019,10,22,1485350.91
2019,10,23,1290604.99
2019,10,24,1223696.56
2019,10,25,1326708.19
2019,10,28,1410593.02
2019,10,29,1520959.03
2019,10,30,1633080.66
2019,10,31,1250404.92
2019,11,1,1342668.44
2019,11,2,4110.53
2019,11,4,1454288.19
2019,11,5,1529735.10
2019,11,6,1605067.38
2019,11,7,1215743.00
2019,11,8,1457920.75
2019,11,11,1402218.67
2019,11,12,1330812.41
2019,11,13,1722283.79
2019,11,14,1329863.01
2019,11,15,397358.38
2019,11,16,1183888.28
2019,11,18,1333840.05
2019,11,19,1660632.94
2019,11,20,1774527.37
2019,11,21,1246644.15
2019,11,22,391370.26
2019,11,23,1240587.54
2019,11,25,1768812.04
2019,11,26,1671031.65
2019,11,27,1382960.35
2019,11,29,1346208.01
2019,11,30,477592.22
2019,12,2,1227092.23
2019,12,3,1687577.07
2019,12,4,1575625.04
2019,12,5,1432555.03
2019,12,6,1560474.12
2019,12,9,1581530.33
2019,12,10,1680746.95
2019,12,11,1622221.53
2019,12,12,1243708.82
2019,12,13,1514251.65
2019,12,16,1690129.71
2019,12,17,1824340.72
2019,12,18,1815677.17
2019,12,19,1461052.54
2019,12,20,1879842.37
2019,12,23,1379110.60
2019,12,24,1778074.93
2019,12,26,1944481.89
2019,12,27,1804352.98
2019,12,28,1060994.02
2019,12,30,1417335.02
2019,12,31,1337181.32
2020,1,2,1305943.79
2020,1,3,1653931.68
2020,1,6,1175793.87
2020,1,7,1327608.78
2020,1,8,1095765.68
2020,1,9,935518.10
2020,1,10,961669.74
2020,1,13,1118273.52
2020,1,14,895005.28
2020,1,15,1106664.04
2020,1,16,864650.33
2020,1,17,1037625.19
2020,1,20,1146334.23
2020,1,21,1127835.08
2020,1,22,1288121.24
2020,1,23,971001.35
2020,1,24,1183735.23
2020,1,27,1234496.78
2020,1,28,1156612.75
2020,1,29,1116708.44
2020,1,30,1024593.12
2020,1,31,1066610.04
2020,2,3,1454252.33
2020,2,4,1515287.93
2020,2,5,1301839.73
2020,2,6,1173560.30
2020,2,7,1269752.80
2020,2,10,1317896.30
2020,2,11,1250433.35
2020,2,12,1433110.79
2020,2,13,934857.83
2020,2,14,1070823.33
2020,2,17,1224805.93
2020,2,18,1269463.79
2020,2,19,1579435.15
2020,2,20,1149192.08
2020,2,21,1252518.64
2020,2,24,1387055.77
2020,2,25,1549784.99
2020,2,26,1297329.21
2020,2,27,1074805.63
2020,2,28,1214098.02
2020,3,2,1394930.88
2020,3,3,1391347.37
2020,3,4,1467577.96
2020,3,5,1142718.21
2020,3,6,1372356.45
2020,3,9,1598025.71
2020,3,10,1542714.42
2020,3,11,1523485.99
2020,3,12,1121808.74
2020,3,13,1348036.67
2020,3,16,1564558.42
2020,3,17,1446526.97
2020,3,18,1531957.95
2020,3,19,1080896.35
2020,3,20,1618001.40
2020,3,23,1434237.42
2020,3,24,1617452.17
2020,3,25,1743857.59
2020,3,26,1101499.24
2020,3,27,1472045.02
2020,3,30,1240433.39
2020,3,31,1456264.79
2020,4,1,1184839.26
2020,4,2,857284.36
2020,4,3,1593820.60
2020,4,6,1343044.91
2020,4,7,1811137.82
2020,4,8,1694392.81
2020,4,9,1114591.24
2020,4,10,1755150.46
2020,4,13,1552012.71
2020,4,14,1907642.88
2020,4,15,1211004.58
2020,4,16,965283.59
2020,4,17,1574875.87
2020,4,20,1430681.14
2020,4,21,1631991.32
2020,4,22,1366473.96
2020,4,23,996828.07
2020,4,24,1790312.87
2020,4,27,1585473.07
2020,4,28,1810496.42
2020,4,29,1620839.09
2020,4,30,1189087.65
2020,5,1,1513182.92
2020,5,4,1587566.01
2020,5,5,1886102.84
2020,5,6,1561483.73
2020,5,7,1216823.81
2020,5,8,1721847.75
2020,5,11,1513840.58
2020,5,12,1847759.36
2020,5,13,1457254.39
2020,5,14,1233586.84
2020,5,15,1751315.43
2020,5,18,1612066.43
2020,5,19,1773885.17
2020,5,20,1487270.92
2020,5,21,1024051.76
2020,5,22,1471736.31
2020,5,26,1534058.70
2020,5,27,1744353.12
2020,5,28,1951266.55
2020,5,29,2191661.56
2020,6,1,1619375.11
2020,6,2,1910009.13
2020,6,3,1448962.37
2020,6,4,1306878.25
2020,6,5,1577025.68
2020,6,8,1642696.73
2020,6,9,1780252.04
2020,6,10,1529775.10
2020,6,11,1114649.90
2020,6,12,1513553.43
2020,6,15,1616600.84
2020,6,16,1816525.32
2020,6,17,1662425.54
2020,6,18,1159780.43
2020,6,19,1663312.23
2020,6,22,1839941.27
2020,6,23,1851872.03
2020,6,24,1878268.25
2020,6,25,1496440.84
2020,6,26,1777985.80
2020,6,29,1785281.87
2020,6,30,2016230.84
2020,7,1,1885060.95
2020,7,2,1431363.66
2020,7,3,1550056.05
2020,7,6,1527764.26
2020,7,7,1603740.80
2020,7,8,1619661.54
2020,7,9,1142648.71
2020,7,10,1356719.23
2020,7,13,1508467.68
2020,7,14,1622430.21
2020,7,15,1609386.81
2020,7,16,1154050.44
2020,7,17,1374357.89
2020,7,20,1483260.43
2020,7,21,1622764.56
2020,7,22,1457937.45
2020,7,23,1062723.19
2020,7,24,1431470.88
2020,7,26,911.89
2020,7,27,1485498.93
2020,7,28,1812172.15
2020,7,29,1714588.10
2020,7,30,1380218.76
2020,7,31,1435399.63
2020,8,3,1461700.20
2020,8,4,1768273.02
2020,8,5,1648839.56
2020,8,6,1247801.33
2020,8,7,1562026.22
2020,8,10,1620525.55
2020,8,11,1412567.18
2020,8,12,1787703.58
2020,8,13,1287087.93
2020,8,14,1446816.70
2020,8,17,1487533.13
2020,8,18,1883998.47
2020,8,19,1582608.24
2020,8,20,1381324.25
2020,8,21,1582555.38
2020,8,24,1635031.64
2020,8,25,2122566.70
2020,8,26,2030295.21
2020,8,27,1363352.38
2020,8,28,1826074.94
2020,8,30,3836.16
2020,8,31,1579890.35
2020,9,1,1799102.53
2020,9,2,1733603.47
2020,9,3,1338507.14
2020,9,4,1624408.01
2020,9,8,1743385.19
2020,9,9,2192185.82
2020,9,10,1757186.25
2020,9,11,1934144.82
2020,9,14,1637194.52
2020,9,15,1706477.67
2020,9,16,1517931.13
2020,9,17,1221666.37
2020,9,18,1855716.13
2020,9,21,1626383.91
2020,9,22,2105469.82
2020,9,23,2241022.99
2020,9,24,1522643.40
2020,9,25,1609092.23
2020,9,28,1703077.60
2020,9,29,2420417.11
2020,9,30,1491223.24
2020,10,1,2045678.17
2020,10,2,1574583.93
2020,10,5,1692643.84
2020,10,6,2089406.76
2020,10,7,1903808.55
2020,10,8,1617824.11
2020,10,9,1580789.20
2020,10,11,9059.18
2020,10,12,1606889.30
2020,10,13,1815448.88
2020,10,14,1793756.42
2020,10,15,1518955.98
2020,10,16,1766558.50
2020,10,19,1739164.14
2020,10,20,1752283.30
2020,10,21,1519835.71
2020,10,22,1199709.28
2020,10,23,1590232.88
2020,10,25,166.50
2020,10,26,1934021.97
2020,10,27,1882992.51
2020,10,28,1796528.84
2020,10,29,1414487.91
2020,10,30,1620373.24
2020,11,1,7974.75
2020,11,2,1599344.01
2020,11,3,1991607.22
2020,11,4,1682570.54
2020,11,5,1300697.46
2020,11,6,1667008.40
2020,11,9,1490374.94
2020,11,10,1580256.83
2020,11,11,1477172.42
2020,11,12,1219153.09
2020,11,13,1573218.02
2020,11,16,1632265.51
2020,11,17,2031270.30
2020,11,18,1611309.15
2020,11,19,1293913.50
2020,11,20,1682352.38
2020,11,23,1547948.47
2020,11,24,1797585.91
2020,11,25,1315773.43
2020,11,27,1854636.17
2020,11,28,38422.15
2020,11,30,1428941.49
2020,12,1,1540142.97
2020,12,2,1411384.86
2020,12,3,1328580.96
2020,12,4,1719299.05
2020,12,7,1601779.55
2020,12,8,2079501.87
2020,12,9,2113838.83
2020,12,10,1346253.40
2020,12,11,1837639.04
2020,12,14,1689043.77
2020,12,15,2039002.52
2020,12,16,1944036.19
2020,12,17,1579632.60
2020,12,18,1883463.38
2020,12,21,1632791.41
2020,12,22,3097698.01
2020,12,23,1547386.43
2020,12,24,1690339.31
2020,12,26,1850286.33
2020,12,28,1402609.64
2020,12,29,2717979.52
2020,12,30,1234413.41
2020,12,31,1509374.57
2021,1,4,1581358.57
2021,1,5,1518038.91
2021,1,6,1385964.75
2021,1,7,1234315.84
2021,1,8,1270996.97
2021,1,11,1439213.48
2021,1,12,1514432.61
2021,1,13,1582649.79
2021,1,14,1296134.47
2021,1,15,1256316.90
2021,1,18,1542216.33
2021,1,19,1257045.49
2021,1,20,1605452.11
2021,1,21,1449094.71
2021,1,22,1364242.18
2021,1,25,1761702.17
2021,1,26,1402060.05
2021,1,27,1591623.22
2021,1,28,1356697.16
2021,1,29,1256104.15
2021,2,1,1505470.88
2021,2,2,1438759.86
2021,2,3,1661556.62
2021,2,4,1321366.96
2021,2,5,1396217.08
2021,2,8,1593382.45
2021,2,9,1314611.71
2021,2,10,1769590.40
2021,2,11,1570981.83
2021,2,12,1302397.51
2021,2,15,1574625.88
2021,2,16,1239280.42
2021,2,17,1662491.04
2021,2,18,1507146.65
2021,2,19,1319527.79
2021,2,22,1653981.42
2021,2,23,1431357.28
2021,2,24,1410707.57
2021,2,25,1596463.69
2021,2,26,1347888.91
2021,3,1,1350957.53
2021,3,2,1149639.44
2021,3,3,1877165.30
2021,3,4,1361156.71
2021,3,5,1850176.58
2021,3,7,1286.88
2021,3,8,1669859.96
2021,3,9,1386615.24
2021,3,10,1781370.65
2021,3,11,1583114.96
2021,3,12,1598715.67
2021,3,15,1488086.64
2021,3,16,1505930.50
2021,3,17,1640123.21
2021,3,18,1582651.75
2021,3,19,1638505.73
2021,3,22,1517556.37
2021,3,23,1679543.92
2021,3,24,1788811.00
2021,3,25,1725745.68
2021,3,26,1549113.33
2021,3,29,1353510.54
2021,3,30,1686287.18
2021,3,31,1888904.09
2021,4,1,1509263.58
2021,4,2,1280200.42
2021,4,5,1502569.09
2021,4,6,1427465.18
2021,4,7,1677223.41
2021,4,8,1801884.74
2021,4,9,1537112.65
2021,4,11,19799.23
2021,4,12,1420255.71
2021,4,13,1613457.05
2021,4,14,1287647.46
2021,4,15,1550966.86
2021,4,16,1645425.36
2021,4,19,1689773.55
2021,4,20,1563840.87
2021,4,21,2130271.51
2021,4,22,1539151.40
2021,4,23,1394467.09
2021,4,25,9132.58
2021,4,26,1734274.22
2021,4,27,1678695.32
2021,4,28,1921501.27
2021,4,29,1488218.31
2021,4,30,1312324.97
2021,5,2,3495.29
2021,5,3,1554484.00
2021,5,4,1882145.38
2021,5,5,2003237.11
2021,5,6,1909792.99
2021,5,7,1658303.68
2021,5,9,3418.08
2021,5,10,1734289.85
2021,5,11,1388273.58
2021,5,12,1898652.02
2021,5,13,1543491.16
2021,5,14,1605599.64
2021,5,15,19246.12
2021,5,16,7374.29
2021,5,17,1579152.68
2021,5,18,1935063.53
2021,5,19,1800193.72
2021,5,20,1519122.30
2021,5,21,966325.84
2021,5,22,484081.70
2021,5,23,12016.35
2021,5,24,1369884.04
2021,5,25,1773929.46
2021,5,26,1839370.15
2021,5,27,1764885.83
2021,5,28,1390995.31
2021,5,31,12730.84
2021,6,1,1522244.45
2021,6,2,1999199.21
2021,6,3,1845154.67
2021,6,4,1434051.71
2021,6,5,1223151.65
2021,6,6,13329.05
2021,6,7,1680043.34
2021,6,8,1524100.84
2021,6,9,2083382.69
2021,6,10,2051613.56
2021,6,11,1198079.09
2021,6,12,372962.33
2021,6,13,16529.98
2021,6,14,1789899.30
2021,6,15,1781597.40
2021,6,16,1889597.46
2021,6,17,1476200.53
2021,6,18,1392239.67
2021,6,20,36154.65
2021,6,21,1750796.82
2021,6,22,1622496.01
2021,6,23,1407764.38
2021,6,24,1716083.83
2021,6,25,1728571.09
2021,6,27,42796.55
2021,6,28,1951596.50
2021,6,29,1615266.23
2021,6,30,1726026.26
2021,7,1,1571541.63
2021,7,2,1634330.16
2021,7,4,8842.66
2021,7,5,1792275.39
2021,7,6,1353429.30
2021,7,7,2298164.72
2021,7,8,2000801.09
2021,7,9,1372798.05
2021,7,11,13448.71
2021,7,12,1321858.86
2021,7,13,1492227.60
2021,7,14,1946623.43
2021,7,15,1403616.36
2021,7,16,1281840.37
2021,7,18,8292.81
2021,7,19,1263866.12
2021,7,20,1835492.08
2021,7,21,2072977.52
2021,7,22,1503875.96
2021,7,23,1450391.16
2021,7,25,4090.23
2021,7,26,1473653.87
2021,7,27,1426149.30
2021,7,28,1596058.06
2021,7,29,1334799.52
2021,7,30,1715022.66
2021,8,1,932.40
2021,8,2,1306812.83
2021,8,3,1783122.58
2021,8,4,1782963.46
2021,8,5,1579926.35
2021,8,6,1455120.13
2021,8,9,1297144.24
2021,8,10,1688245.17
2021,8,11,1913594.44
2021,8,12,1459296.51
2021,8,13,1321178.20
2021,8,15,19124.19
2021,8,16,1392302.50
2021,8,17,1613576.15
2021,8,18,1494095.88
2021,8,19,2243208.20
2021,8,20,1325785.88
2021,8,22,2029.30
2021,8,23,1277630.96
2021,8,24,2087975.83
2021,8,25,2587799.22
2021,8,26,1557687.61
2021,8,27,1691455.56
2021,8,29,10795.98
2021,8,30,1538221.04
2021,8,31,2071774.13
2021,9,1,1787906.25
2021,9,2,1451137.49
2021,9,3,1561424.17
2021,9,6,18896.54
2021,9,7,1639587.14
2021,9,8,1716770.24
2021,9,9,2077882.14
2021,9,10,1342097.62
2021,9,11,1026949.21
2021,9,12,6766.47
2021,9,13,1619743.22
2021,9,14,1548085.04
2021,9,15,1784117.20
2021,9,16,1756071.42
2021,9,17,1412347.23
2021,9,20,1300367.34
2021,9,21,1853065.95
2021,9,22,1913103.86
2021,9,23,1366349.04
2021,9,24,1422701.34
2021,9,26,2639.27
2021,9,27,1261687.81
2021,9,28,1726785.33
2021,9,29,2032957.05
2021,9,30,2207622.65
2021,10,1,1516725.55
2021,10,3,6489.75
2021,10,4,1898204.32
2021,10,5,2903928.20
2021,10,6,2532396.91
2021,10,7,2006906.44
2021,10,8,1488670.92
2021,10,10,30956.76
2021,10,11,1834053.18
2021,10,12,2098850.28
2021,10,13,1755615.44
2021,10,14,1750529.02
2021,10,15,1606788.57
2021,10,17,6506.91
2021,10,18,1706314.98
2021,10,19,2061663.04
2021,10,20,1742838.79
2021,10,21,1556667.71
2021,10,22,1573283.95
2021,10,24,20407.38
2021,10,25,1626178.57
2021,10,26,1559287.37
2021,10,27,1677441.03
2021,10,28,1751413.74
2021,10,29,1365445.31
2021,10,31,8198.24
2021,11,1,1890470.99
2021,11,2,1512087.73
2021,11,3,1674316.61
2021,11,4,1955408.00
2021,11,5,1724182.04
2021,11,7,7194.58
2021,11,8,1603531.71
2021,11,9,2157107.31
2021,11,10,2189102.85
2021,11,11,1630839.30
2021,11,12,1625849.11
2021,11,14,276.90
2021,11,15,1572234.91
2021,11,16,2187879.92
2021,11,17,1870445.22
2021,11,18,1897125.66
2021,11,19,1891820.28
2021,11,21,17475.94
2021,11,22,2239128.75
2021,11,23,1992868.25
2021,11,24,1858148.45
2021,11,25,1012.38
2021,11,26,1912079.56
2021,11,27,30301.97
2021,11,28,15627.99
2021,11,29,1273690.45
2021,11,30,1277771.05
2021,12,1,1685398.44
2021,12,2,1765828.40
2021,12,3,1608275.03
2021,12,5,14702.08
2021,12,6,1901696.73
2021,12,7,2008536.08
2021,12,8,2176413.71
2021,12,9,2536057.02
2021,12,10,1791943.36
2021,12,12,9406.30
2021,12,13,1403711.15
2021,12,14,1954069.02
2021,12,15,2163235.26
2021,12,16,1868057.80
2021,12,17,1776849.25
2021,12,19,2530.84
2021,12,20,1860354.95
2021,12,21,2234742.96
2021,12,22,2003273.55
2021,12,23,1723094.25
2021,12,24,1689555.20
2021,12,26,6766.43
2021,12,27,1536397.31
2021,12,28,1917055.54
2021,12,29,1585982.23
2021,12,30,1743249.30
2021,12,31,1323584.87
2022,1,2,7056.61
2022,1,3,1428152.44
2022,1,4,959250.71
2022,1,5,1707491.94
2022,1,6,1374753.80
2022,1,7,1182900.67
2022,1,9,2153.24
2022,1,10,1450661.60
2022,1,11,1319970.82
2022,1,12,1238451.69
2022,1,13,1195042.43
2022,1,14,1189888.53
2022,1,16,3420.34
2022,1,17,1169346.59
2022,1,18,1107128.40
2022,1,19,1630226.90
2022,1,20,1347868.71
2022,1,21,1374510.71
2022,1,23,25795.14
2022,1,24,1281469.89
2022,1,25,1319439.99
2022,1,26,1395208.25
2022,1,27,1477126.93
2022,1,28,1333528.54
2022,1,30,5604.10
2022,1,31,1071259.33
2022,2,1,1709040.24
2022,2,2,1672958.06
2022,2,3,1521285.48
2022,2,4,1623101.82
2022,2,6,7000.82
2022,2,7,1644048.02
2022,2,8,1525970.43
2022,2,9,1418184.78
2022,2,10,2358100.56
2022,2,11,1443952.09
2022,2,13,25618.00
2022,2,14,1479501.72
2022,2,15,1483284.16
2022,2,16,2340317.42
2022,2,17,1600698.01
2022,2,18,1445856.88
2022,2,20,8576.73
2022,2,21,1457761.77
2022,2,22,1488010.05
2022,2,23,938229.89
2022,2,24,950904.11
2022,2,25,605456.89
2022,2,26,50296.76
2022,2,27,10784.53
2022,2,28,665161.71
2022,3,1,570487.32
2022,3,2,939873.92
2022,3,3,886072.16
2022,3,4,860470.72
2022,3,6,3561.92
2022,3,7,915794.21
2022,3,8,830800.38
2022,3,9,1075520.56
2022,3,10,1077065.47
2022,3,11,1575828.76
2022,3,13,10230.60
2022,3,14,1566623.65
2022,3,15,1492448.64
2022,3,16,1663479.88
2022,3,17,1713026.24
2022,3,18,1419587.26
2022,3,20,11898.89
2022,3,21,1547511.10
2022,3,22,1425913.91
2022,3,23,1492709.35
2022,3,24,1312414.97
2022,3,25,1626147.29
2022,3,27,9343.98
2022,3,28,1391764.25
2022,3,29,1362010.92
2022,3,30,1997284.41
2022,3,31,1448003.79
2022,4,1,1572670.86
2022,4,3,14447.65
2022,4,4,1747552.79
2022,4,5,1620025.76
2022,4,6,2146632.81
2022,4,7,1903474.73
2022,4,8,1554470.51
2022,4,10,7762.98
2022,4,11,1612400.68
2022,4,12,1388392.90
2022,4,13,1428530.19
2022,4,14,1977404.46
2022,4,15,1402625.11
2022,4,17,144118.46
2022,4,18,1763567.22
2022,4,19,1596033.25
2022,4,20,1721476.65
2022,4,21,1600416.92
2022,4,22,1480516.00
2022,4,23,23642.75
2022,4,25,1642219.66
2022,4,26,1523047.61
2022,4,27,1670488.81
2022,4,28,1642406.74
2022,4,29,1597436.09
2022,5,1,1539.84
2022,5,2,1988953.85
2022,5,3,1573824.46
2022,5,4,1455030.91
2022,5,5,2217313.83
2022,5,6,1614753.44
2022,5,8,7162.28
2022,5,9,1760795.05
2022,5,10,1528301.63
2022,5,11,1552360.76
2022,5,12,1415335.25
2022,5,13,1663388.18
2022,5,15,5264.00
2022,5,16,1651572.39
2022,5,17,1740009.74
2022,5,18,1892970.29
2022,5,19,1743109.81
2022,5,20,1557740.83
2022,5,23,1387695.43
2022,5,24,1851413.73
2022,5,25,2086142.82
2022,5,26,1710248.31
2022,5,27,1602651.92
2022,5,30,6320.60
2022,5,31,1934267.99
2022,6,1,1226697.07
2022,6,2,1665273.50
2022,6,3,1339560.95
2022,6,4,1249598.16
2022,6,5,7629.14
2022,6,6,1660463.72
2022,6,7,1755263.41
2022,6,8,1729546.37
2022,6,9,1596680.56
2022,6,10,1557137.64
2022,6,13,1589248.00
2022,6,14,1467482.76
2022,6,15,2232747.90
2022,6,16,1981770.15
2022,6,17,1604282.13
2022,6,19,11932.79
2022,6,20,1745242.20
2022,6,21,1428963.36
2022,6,22,1479255.22
2022,6,23,1790766.89
2022,6,24,1822251.19
2022,6,26,12051.22
2022,6,27,2012498.01
2022,6,28,1336924.02
2022,6,29,2544467.74
2022,6,30,1766418.31
2022,7,1,1501382.59
2022,7,4,28395.80
2022,7,5,1606048.89
2022,7,6,2117972.96
2022,7,7,1671044.05
2022,7,8,1421615.39
2022,7,9,1084121.03
2022,7,10,1515.06
2022,7,11,1548002.01
2022,7,12,1633629.92
2022,7,13,1707943.37
2022,7,14,1611614.09
2022,7,15,1426914.58
2022,7,17,171.00
2022,7,18,1521218.64
2022,7,19,1535861.73
2022,7,20,1689760.94
2022,7,21,1694460.18
2022,7,22,1596372.07
2022,7,25,1728761.55
2022,7,26,1432386.64
2022,7,27,1816752.56
2022,7,28,1584464.56
2022,7,29,1832483.53
2022,8,1,757187.02
2022,8,2,2220583.49
2022,8,3,2668865.93
2022,8,4,2268717.18
2022,8,5,1903710.43
2022,8,8,1112583.25
2022,8,9,2016930.39
2022,8,10,1856454.99
2022,8,11,1643739.95
2022,8,12,1404689.40
2022,8,14,235569.53
2022,8,15,781971.05
2022,8,16,1904566.03
2022,8,17,1737809.25
2022,8,18,2300912.19
2022,8,19,1545197.60
2022,8,21,6731.93
2022,8,22,1745984.55
2022,8,23,1553832.50
2022,8,24,1910271.67
2022,8,25,1536404.88
2022,8,26,1912792.87
2022,8,28,3554.43
2022,8,29,1681315.70
2022,8,30,2234402.60
2022,8,31,2429289.43
2022,9,1,2181915.95
2022,9,2,1745318.92
2022,9,5,2207.70
2022,9,6,2280737.68
2022,9,7,1748286.74
2022,9,8,2054398.69
2022,9,9,1565876.93
2022,9,10,576543.96
2022,9,12,1716449.65
2022,9,13,1424654.45
2022,9,14,1671476.66
2022,9,15,1504534.21
2022,9,16,1510497.09
2022,9,18,11109.12
2022,9,19,1900522.79
2022,9,20,1510307.37
2022,9,21,1709249.59
2022,9,22,1652839.01
2022,9,23,1641218.77
2022,9,26,1804587.72
2022,9,27,1482110.82
2022,9,28,1655743.08
2022,9,29,1806371.87
2022,9,30,1465734.84
2022,10,2,776.40
2022,10,3,2103661.41
2022,10,4,2061031.07
2022,10,5,1964869.51
2022,10,6,1937690.21
2022,10,7,1759749.16
2022,10,9,33437.63
2022,10,10,1883917.66
2022,10,11,2116869.93
2022,10,12,2917869.50
2022,10,13,3088636.83
2022,10,14,1646656.26
2022,10,16,360.00
2022,10,17,1593587.12
2022,10,18,1529980.67
2022,10,19,1911075.87
2022,10,20,1591392.36
2022,10,21,1637298.84
2022,10,23,7456.15
2022,10,24,1616632.48
2022,10,25,1463623.77
2022,10,26,1933160.56
2022,10,27,1690763.39
2022,10,28,1529021.00
2022,10,30,9954.63
2022,10,31,1659160.17
2022,11,1,1530267.39
2022,11,2,1719851.74
2022,11,3,1810128.29
2022,11,4,1717319.53
2022,11,6,8289.34
2022,11,7,2162329.03
2022,11,8,1614134.84
2022,11,9,1920441.88
2022,11,10,1357786.63
2022,11,11,1684343.00
2022,11,13,21145.52
2022,11,14,1906076.53
2022,11,15,1720038.25
2022,11,16,2050035.11
2022,11,17,1774104.91
2022,11,18,1955601.18
2022,11,20,16897.95
2022,11,21,2125807.20
2022,11,22,1805632.96
2022,11,23,1708089.19
2022,11,24,127853.27
2022,11,25,2170337.88
2022,11,27,8594.86
2022,11,28,1604737.05
2022,11,29,1417392.97
2022,11,30,1576202.13
2022,12,1,2031367.22
2022,12,2,1877913.74
2022,12,4,12517.59
2022,12,5,2409943.42
2022,12,6,2002502.75
2022,12,7,2625570.52
2022,12,8,1984565.90
2022,12,9,1995403.87
2022,12,10,139165.07
2022,12,11,5559.84
2022,12,12,2075208.71
2022,12,13,2030507.68
2022,12,14,1735008.46
2022,12,15,2065336.03
2022,12,16,1405047.55
2022,12,17,602470.11
2022,12,18,162289.17
2022,12,19,2216799.38
2022,12,20,2028933.78
2022,12,21,2150850.93
2022,12,22,1741897.06
2022,12,23,170915.42
2022,12,26,1334072.57
2022,12,27,2722392.57
2022,12,28,1886654.89
2022,12,29,1966377.09
2022,12,30,1767240.85
2023,1,2,40008.23
2023,1,3,1970620.62
2023,1,4,1645143.96
2023,1,5,1578681.40
2023,1,6,1151286.80
2023,1,8,818069.14
2023,1,9,1726702.99
2023,1,10,1257424.57
2023,1,11,1508471.17
2023,1,12,1584008.43
2023,1,13,1523588.93
2023,1,15,3013.50
2023,1,16,1608974.57
2023,1,17,1393346.39
2023,1,18,1580026.45
2023,1,19,1284842.52
2023,1,20,1431250.32
2023,1,22,2179.92
2023,1,23,1482645.06
2023,1,24,1329412.87
2023,1,25,1753658.34
2023,1,26,1413687.80
2023,1,27,1533242.43
2023,1,29,15173.49
2023,1,30,1706730.33
2023,1,31,1205594.66
2023,2,1,1541984.17
2023,2,2,1436457.48
2023,2,3,1594507.84
2023,2,5,748.02
2023,2,6,1848628.81
2023,2,7,1772271.26
2023,2,8,1608844.62
2023,2,9,2368045.88
2023,2,10,1407730.81
2023,2,12,13260.85
2023,2,13,1777997.17
2023,2,14,1405267.63
2023,2,15,1631267.29
2023,2,16,1502714.20
2023,2,17,1506136.74
2023,2,20,1541746.85
2023,2,21,1281864.94
2023,2,22,1333811.68
2023,2,23,2019903.06
2023,2,24,1491983.26
2023,2,27,1677252.38
2023,2,28,1352406.54
